<?xml version="1.0" encoding="utf-8"?>
<demos><!--This is an autogenerated file, please do not modify-->
   <name>FOMCON Toolbox for MATLAB</name>
   <type>toolbox</type>
   <icon>HelpIcon.DEMOS</icon>
   <website/>
   <description/>
   <demosection>
      <label>tests</label>
      <demoitem>
         <label>test_gl_sim</label>
         <type>other</type>
         <source>test_gl_sim</source>
         <file>tests/html/test_gl_sim.html</file>
      </demoitem>
   </demosection>
   <demosection>
      <label>optimize</label>
      <demoitem>
         <label>testoptimize</label>
         <type>other</type>
         <source>testoptimize</source>
         <file>utilities/optimize/html/testoptimize.html</file>
      </demoitem>
   </demosection>
</demos>